iteration,Z,Z_total,loss,layer_name,prompt,timestep_index,image_id,identity_id,seed,learning_rate,finite_gradient_flag,nan_or_inf_flag,input_psnr,input_ssim,input_mse,input_l2,combined_mean_disp_px,combined_max_disp_px,combined_p95_disp_px,jacobian_det_min,foldover_fraction,smoothness_tv,tps_mean_disp,tps_max_disp,tps_p95_disp,delaunay_mean_disp,delaunay_max_disp,delaunay_p95_disp,rolling_mean_disp,rolling_max_disp,rolling_p95_disp,dct_mean_disp,dct_max_disp,dct_p95_disp,fft_phase_norm,fft_phase_max,fft_phase_mean_abs,legacy_fft_strength_equivalent,fft_spatial_delta_mse,tps_grad_norm,delaunay_grad_norm,rolling_grad_norm,dct_grad_norm,fft_grad_norm,total_grad_norm,num_total_params,num_clamped_total,fraction_clamped_total,num_at_min_total,num_at_max_total,components_at_boundary,seconds_iter,seconds_elapsed,peak_vram_gb
0,0.0007062554359436035,0.0007062554359436035,-0.0007062554359436035,vae_image_latent,add black sunglasses,6,joe_biden_01,joe_biden,1234,0.03,True,False,27.17242916892583,0.9819402098655701,0.0019175958586856723,0.043790362775325775,0.7494277954101562,1.9212477207183838,1.674102783203125,0.8746515512466431,0.0,0.01400594599545002,0.17096424102783203,0.4778667986392975,0.34311479330062866,0.20652326941490173,0.5307715535163879,0.3686310350894928,0.237868070602417,0.3973205089569092,0.39581573009490967,0.5555921196937561,1.4427913427352905,1.0737801790237427,101.47411346435547,0.5332565903663635,0.09171640872955322,29194.240234375,0.0006253696046769619,0.0,0.0,0.0,0.0,0.0,0.0,326,0,0.0,0,0,,0.05200973339378834,0.07427209243178368,5.098414897918701
1,0.0007062554359436035,0.0007062554359436035,-0.0007062554359436035,vae_image_latent,add black sunglasses,6,joe_biden_01,joe_biden,1234,0.03,True,False,27.17242916892583,0.9819402098655701,0.0019175958586856723,0.043790362775325775,0.7494277954101562,1.9212477207183838,1.674102783203125,0.8746515512466431,0.0,0.01400594599545002,0.17096424102783203,0.4778667986392975,0.34311479330062866,0.20652326941490173,0.5307715535163879,0.3686310350894928,0.237868070602417,0.3973205089569092,0.39581573009490967,0.5555921196937561,1.4427913427352905,1.0737801790237427,101.47411346435547,0.5332565903663635,0.09171640872955322,29194.240234375,0.0006253696046769619,4.738995630759746e-05,3.4710443287622184e-05,5.24308743479196e-05,0.0001298731949646026,2.7118077923660167e-05,0.00015427915068969608,326,0,0.0,0,0,,0.08593360334634781,0.1609280202537775,5.098414897918701
2,0.0008761882781982422,0.0008761882781982422,-0.0008761882781982422,vae_image_latent,add black sunglasses,6,joe_biden_01,joe_biden,1234,0.03,True,False,27.00930816474915,0.9812110662460327,0.0019909904804080725,0.04462051764130592,0.798396110534668,1.9298408031463623,1.735136866569519,0.8703542947769165,0.0,0.014624997973442078,0.16874954104423523,0.49795302748680115,0.3353869616985321,0.2051251381635666,0.5297231674194336,0.3744751214981079,0.26974061131477356,0.4421420097351074,0.4405750632286072,0.5796562433242798,1.4709161520004272,1.1390210390090942,101.65579223632812,0.5617578625679016,0.09148361533880234,29120.138671875,0.0005138803971931338,0.0,0.0,0.0,0.0,0.0,0.0,326,0,0.0,0,0,,0.08602685295045376,0.24728840962052345,5.098414897918701
3,0.0010054707527160645,0.0010054707527160645,-0.0010054707527160645,vae_image_latent,add black sunglasses,6,joe_biden_01,joe_biden,1234,0.03,True,False,26.768856021742295,0.9801448583602905,0.00210433267056942,0.0458730049431324,0.837701141834259,2.105006694793701,1.767716407775879,0.8675329685211182,0.0,0.01514158584177494,0.16889813542366028,0.5110143423080444,0.3417988419532776,0.20512551069259644,0.5300756096839905,0.3803834319114685,0.29114896059036255,0.472293883562088,0.47058945894241333,0.5998846292495728,1.547992467880249,1.2326273918151855,103.06332397460938,0.5804678797721863,0.09248457849025726,29438.75390625,0.0004673418588936329,1.0640983418852556e-05,8.958494618127588e-06,6.955743856451591e-07,3.118982567684725e-05,3.1612322345608845e-05,4.654152046833109e-05,326,0,0.0,0,0,,0.08472856692969799,0.33304909989237785,5.098414897918701
4,0.0009609460830688477,0.0009609460830688477,-0.0009609460830688477,vae_image_latent,add black sunglasses,6,joe_biden_01,joe_biden,1234,0.03,True,False,26.63178493847715,0.9795435667037964,0.002171808388084173,0.04660266637802124,0.8629845380783081,2.2487306594848633,1.8145517110824585,0.8656638860702515,0.0,0.015340033918619156,0.16873642802238464,0.5221198797225952,0.34417596459388733,0.204832062125206,0.548944354057312,0.38365888595581055,0.30802929401397705,0.49609044194221497,0.4944116473197937,0.6105650663375854,1.6304404735565186,1.2987068891525269,103.62930297851562,0.594196081161499,0.0926697850227356,29497.70703125,0.0004024116788059473,0.0,0.0,0.0,0.0,0.0,0.0,326,0,0.0,0,0,,0.08458988927304745,0.4182517249137163,5.098414897918701
5,0.0009565353393554688,0.0009565353393554688,-0.0009565353393554688,vae_image_latent,add black sunglasses,6,joe_biden_01,joe_biden,1234,0.03,True,False,26.486549726271566,0.9788829684257507,0.002245665295049548,0.04738844931125641,0.8881333470344543,2.382079601287842,1.8983113765716553,0.8641223311424255,0.0,0.015564892441034317,0.16946786642074585,0.5310494303703308,0.3461945056915283,0.20522071421146393,0.5645504593849182,0.38753727078437805,0.321855366230011,0.515612781047821,0.5140137076377869,0.6230602264404297,1.7086689472198486,1.358689785003662,104.64990997314453,0.6052977442741394,0.0933808982372284,29724.060546875,0.0003597540780901909,0.0,0.0,0.0,0.0,0.0,0.0,326,0,0.0,0,0,,0.08503972180187702,0.5037282779812813,5.098414897918701
6,0.0010010004043579102,0.0010010004043579102,-0.0010010004043579102,vae_image_latent,add black sunglasses,6,joe_biden_01,joe_biden,1234,0.03,True,False,26.360462149875232,0.9782912135124207,0.002311818767338991,0.048081375658512115,0.9129756689071655,2.502859354019165,1.9845936298370361,0.8628128170967102,0.0,0.015809711068868637,0.17068055272102356,0.538459300994873,0.3508809804916382,0.20595324039459229,0.5778367519378662,0.3916354775428772,0.3335406184196472,0.5321474671363831,0.5302973985671997,0.6364306807518005,1.7820457220077515,1.4135801792144775,105.87937927246094,0.6145766973495483,0.0943334624171257,30027.271484375,0.00033108051866292953,0.0,0.0,0.0,0.0,0.0,0.0,326,0,0.0,0,0,,0.08486369252204895,0.5890759993344545,5.098414897918701
7,0.001072704792022705,0.001072704792022705,-0.001072704792022705,vae_image_latent,add black sunglasses,6,joe_biden_01,joe_biden,1234,0.03,True,False,26.252295748304874,0.9777686595916748,0.0023701204918324947,0.048683881759643555,0.9366167783737183,2.611701726913452,2.06603741645813,0.8616796135902405,0.0,0.01607522740960121,0.172132670879364,0.5447427034378052,0.357677698135376,0.2068604975938797,0.5893524289131165,0.39579421281814575,0.3436110317707062,0.5464012026786804,0.5447105765342712,0.6491892337799072,1.850109338760376,1.465957760810852,107.19129943847656,0.6224941611289978,0.09538930654525757,30363.359375,0.0003118887252639979,0.0,0.0,0.0,0.0,0.0,0.0,326,0,0.0,0,0,,0.08461998589336872,0.6743301954120398,5.098414897918701
8,0.00115203857421875,0.00115203857421875,-0.00115203857421875,vae_image_latent,add black sunglasses,6,joe_biden_01,joe_biden,1234,0.03,True,False,26.15538127389218,0.977289080619812,0.0024236051831394434,0.049230124801397324,0.9583996534347534,2.7082760334014893,2.140932083129883,0.8606868386268616,0.0,0.01633341982960701,0.17369088530540466,0.5501500368118286,0.3649100959300995,0.2078496217727661,0.5994545221328735,0.3999427258968353,0.35240498185157776,0.5588682293891907,0.5570681691169739,0.6609621047973633,1.9128438234329224,1.5134795904159546,108.51573944091797,0.6293455958366394,0.09648774564266205,30713.00390625,0.0002993976522702724,0.0,0.0,0.0,0.0,0.0,0.0,326,0,0.0,0,0,,0.08506708592176437,0.7600454073399305,5.098414897918701
9,0.0012183189392089844,0.0012183189392089844,-0.0012183189392089844,vae_image_latent,add black sunglasses,6,joe_biden_01,joe_biden,1234,0.03,True,False,26.065399039400567,0.9768338203430176,0.002474344102665782,0.04974278062582016,0.9782853126525879,2.7934341430664062,2.2087903022766113,0.8598091006278992,0.0,0.016574306413531303,0.17529001832008362,0.5548644661903381,0.3715718388557434,0.20886601507663727,0.6083930134773254,0.4040205776691437,0.36015692353248596,0.5698655843734741,0.5679433345794678,0.6717253923416138,1.9703034162521362,1.556061029434204,109.81278228759766,0.6353347897529602,0.09759577363729477,31065.69921875,0.0002916667435783893,6.979455065447837e-05,5.16066029376816e-05,2.603438770165667e-05,0.00015859057020861655,7.28457816876471e-05,0.00019664635002869166,326,0,0.0,0,0,,0.08517496474087238,0.8459524270147085,5.098414897918701
10,0.0013219714164733887,0.0013219714164733887,-0.0013219714164733887,vae_image_latent,add black sunglasses,6,joe_biden_01,joe_biden,1234,0.03,True,False,25.81463320840145,0.9754219055175781,0.0026214204262942076,0.05119980871677399,1.0086019039154053,2.8860960006713867,2.303968667984009,0.8584331274032593,0.0,0.016795121133327484,0.17477184534072876,0.5677505731582642,0.37949734926223755,0.20786665380001068,0.6250710487365723,0.40458187460899353,0.373515248298645,0.5887326598167419,0.5869525671005249,0.6777923107147217,2.040590286254883,1.6104732751846313,110.79957580566406,0.6458826661109924,0.09822525829076767,31266.0703125,0.0003257983480580151,5.4286050726659596e-05,4.69124352093786e-05,3.3859752875287086e-05,0.00012935053382534534,0.0002341718936804682,0.0002790381177121603,326,0,0.0,0,0,,0.08491157740354538,0.9315189756453037,5.098414897918701
11,0.001503586769104004,0.001503586769104004,-0.001503586769104004,vae_image_latent,add black sunglasses,6,joe_biden_01,joe_biden,1234,0.03,True,False,25.66066369024165,0.974516749382019,0.002716024173423648,0.052115488797426224,1.020352840423584,2.9629790782928467,2.380143404006958,0.8577786087989807,0.0,0.016936516389250755,0.17580802738666534,0.5795437693595886,0.3896550238132477,0.20797382295131683,0.6401715874671936,0.40792351961135864,0.3766343593597412,0.5928579568862915,0.5909608602523804,0.6794369220733643,2.100287914276123,1.6586320400238037,112.473388671875,0.6625936031341553,0.0993988960981369,31639.650390625,0.00036495912354439497,0.0,0.0,0.0,0.0,0.0,0.0,326,0,0.0,0,0,,0.08530251495540142,1.017503885552287,5.098414897918701
12,0.0017070770263671875,0.0017070770263671875,-0.0017070770263671875,vae_image_latent,add black sunglasses,6,joe_biden_01,joe_biden,1234,0.03,True,False,25.49880490550695,0.9735354781150818,0.0028191586025059223,0.053095750510692596,1.0330915451049805,3.0322351455688477,2.449411630630493,0.8571996092796326,0.0,0.017098499462008476,0.17722786962985992,0.5903466939926147,0.399701327085495,0.2084534764289856,0.6537144184112549,0.4116259217262268,0.37942957878112793,0.5965548753738403,0.5945528745651245,0.6828998327255249,2.15503191947937,1.70294988155365,114.4501953125,0.6775180697441101,0.1008848175406456,32112.634765625,0.00041338364826515317,1.2830420928366948e-05,9.689031685411464e-06,1.4323301911645103e-05,3.785193621297367e-05,7.631360858795233e-06,4.42115455224119e-05,326,0,0.0,0,0,,0.08555535413324833,1.1037317961454391,5.098414897918701
13,0.001919567584991455,0.001919567584991455,-0.001919567584991455,vae_image_latent,add black sunglasses,6,joe_biden_01,joe_biden,1234,0.03,True,False,25.32909916189025,0.9724739789962769,0.0029315012507140636,0.05414333939552307,1.0508878231048584,3.0967438220977783,2.5141189098358154,0.8561804294586182,0.0,0.0172763429582119,0.17956173419952393,0.6002218723297119,0.409210205078125,0.20864930748939514,0.6658990979194641,0.4145638048648834,0.3856755197048187,0.604871392250061,0.6030365228652954,0.6866897344589233,2.2042927742004395,1.7423648834228516,116.56132507324219,0.6915754675865173,0.10248933732509613,32623.369140625,0.00046531387488357723,0.0,0.0,0.0,0.0,0.0,0.0,326,0,0.0,0,0,,0.08588172867894173,1.1901533119380474,5.098414897918701
14,0.002097010612487793,0.002097010612487793,-0.002097010612487793,vae_image_latent,add black sunglasses,6,joe_biden_01,joe_biden,1234,0.03,True,False,25.16455357476085,0.9714051485061646,0.003044700948521495,0.05517880991101265,1.0691032409667969,3.1551573276519775,2.573354482650757,0.8552611470222473,0.0,0.01746448315680027,0.182009756565094,0.6092525720596313,0.418164998292923,0.20918065309524536,0.6768892407417297,0.4175843298435211,0.3913060426712036,0.6123818159103394,0.6105332374572754,0.691674530506134,2.2493057250976562,1.7781487703323364,118.7269515991211,0.7042084336280823,0.10417541116476059,33160.0625,0.0005204306798987091,3.637996314864722e-06,3.2327322969649686e-06,4.176477887085639e-06,7.186583388829604e-06,6.774209282411903e-07,9.655797364834546e-06,326,0,0.0,0,0,,0.08571340329945087,1.2767725586891174,5.098414897918701
15,0.0022658109664916992,0.0022658109664916992,-0.0022658109664916992,vae_image_latent,add black sunglasses,6,joe_biden_01,joe_biden,1234,0.03,True,False,24.997784988288828,0.9702827334403992,0.003163890913128853,0.05624847486615181,1.0895090103149414,3.2122275829315186,2.6309118270874023,0.8542892336845398,0.0,0.01766444928944111,0.1844169944524765,0.6175707578659058,0.42639291286468506,0.21055756509304047,0.686823308467865,0.4205590784549713,0.3974015414714813,0.6205818057060242,0.6185240149497986,0.6979750394821167,2.2934868335723877,1.8133318424224854,120.90513610839844,0.7166529297828674,0.10590150207281113,33709.4921875,0.0005770322750322521,0.0,0.0,0.0,0.0,0.0,0.0,326,0,0.0,0,0,,0.08539610728621483,1.3628283105790615,5.098414897918701
16,0.0024314522743225098,0.0024314522743225098,-0.0024314522743225098,vae_image_latent,add black sunglasses,6,joe_biden_01,joe_biden,1234,0.03,True,False,24.84122787712186,0.9691886901855469,0.003280025441199541,0.057271506637334824,1.1092560291290283,3.263996124267578,2.6831209659576416,0.853410005569458,0.0,0.01786329783499241,0.18682162463665009,0.6252002716064453,0.4340333640575409,0.21214626729488373,0.6958169341087341,0.4235609769821167,0.40291768312454224,0.628002405166626,0.6261079907417297,0.7046453952789307,2.33385968208313,1.8451147079467773,123.03290557861328,0.7278823256492615,0.1076207160949707,34256.73828125,0.0006338399834930897,3.256175114074722e-05,2.476295230735559e-05,2.841619061655365e-05,0.0001177083540824242,8.558497211197391e-05,0.0001538213099855977,326,0,0.0,0,0,,0.08487458899617195,1.4484693873673677,5.098414897918701
17,0.0025713443756103516,0.0025713443756103516,-0.0025713443756103516,vae_image_latent,add black sunglasses,6,joe_biden_01,joe_biden,1234,0.03,True,False,24.691763637768354,0.9680978655815125,0.0033948738127946854,0.05826554447412491,1.1298408508300781,3.3148250579833984,2.734609603881836,0.8521284461021423,0.0,0.01799025386571884,0.18922729790210724,0.6322349309921265,0.44313377141952515,0.2125445306301117,0.7039570808410645,0.42542096972465515,0.41393953561782837,0.6429221630096436,0.6409024596214294,0.7090179324150085,2.3675878047943115,1.8722060918807983,124.7208480834961,0.7355864644050598,0.10909068584442139,34724.640625,0.0006739379605278373,2.3758443603583146e-06,1.8865744095819537e-06,6.82551103636797e-07,5.525869255507132e-06,2.485587629053043e-06,6.8105104307439535e-06,326,0,0.0,0,0,,0.08462321944534779,1.5337055195122957,5.098414897918701
18,0.0026760101318359375,0.0026760101318359375,-0.0026760101318359375,vae_image_latent,add black sunglasses,6,joe_biden_01,joe_biden,1234,0.03,True,False,24.549195258061335,0.9670209884643555,0.003508168738335371,0.05922979488968849,1.149850606918335,3.357353925704956,2.7809150218963623,0.8509665131568909,0.0,0.018136776983737946,0.19155871868133545,0.6394888162612915,0.45115071535110474,0.21327802538871765,0.7112799286842346,0.4285997152328491,0.42407965660095215,0.6566766500473022,0.6547836661338806,0.7135893106460571,2.3983755111694336,1.8964463472366333,126.41181945800781,0.7434317469596863,0.11054911464452744,35188.875,0.0007151537574827671,0.00012655822501983494,0.00010015691805165261,0.00010254321387037635,0.000332064664689824,8.280083420686424e-05,0.00039202859965257667,326,0,0.0,0,0,,0.08480311930179596,1.619245994836092,5.098414897918701
19,0.002866029739379883,0.002866029739379883,-0.002866029739379883,vae_image_latent,add black sunglasses,6,joe_biden_01,joe_biden,1234,0.03,True,False,24.34219276836808,0.9653578996658325,0.0036794315092265606,0.06065831705927849,1.1801272630691528,3.40291166305542,2.8258635997772217,0.8485662937164307,0.0,0.01819664239883423,0.19340722262859344,0.6461259722709656,0.45723235607147217,0.21441711485385895,0.7187954187393188,0.4313059151172638,0.44235366582870483,0.6824483871459961,0.6802859902381897,0.7134110927581787,2.423687219619751,1.9141753911972046,127.85803985595703,0.7465712428092957,0.11183898895978928,35599.45703125,0.0007685014861635864,0.0001127440482378006,8.713981515029445e-05,7.756242848699912e-05,0.0003298742522019893,0.0004629637987818569,0.0005911624136890176,326,0,0.0,0,0,,0.08477834425866604,1.704646771773696,5.098414897918701
20,0.002795577049255371,0.002795577049255371,-0.002795577049255371,vae_image_latent,add black sunglasses,6,joe_biden_01,joe_biden,1234,0.03,True,False,24.215297351238725,0.9643635749816895,0.003788525937125087,0.06155100092291832,1.2141908407211304,3.4414148330688477,2.864543914794922,0.8453013896942139,0.0,0.018250009045004845,0.19651246070861816,0.6526679396629333,0.4664930999279022,0.214000403881073,0.7256428003311157,0.43588870763778687,0.4645909070968628,0.7139039039611816,0.711814820766449,0.7135751247406006,2.438748598098755,1.922676920890808,129.39566040039062,0.7500890493392944,0.11328305304050446,36059.11328125,0.0007416107691824436,1.2082319926776108e-06,1.1066673550885753e-06,1.7901319893098844e-07,3.63597405339533e-06,4.55461376986932e-05,4.5720756221803964e-05,326,0,0.0,0,0,,0.08455244265496731,1.7897871546447277,5.098414897918701
21,0.0027292966842651367,0.0027292966842651367,-0.0027292966842651367,vae_image_latent,add black sunglasses,6,joe_biden_01,joe_biden,1234,0.03,True,False,24.086487935750775,0.9633193016052246,0.00390257453545928,0.06247058883309364,1.2495925426483154,3.4772684574127197,2.9002938270568848,0.8421590328216553,0.0,0.01837700977921486,0.19982245564460754,0.6587586402893066,0.4754728376865387,0.21338731050491333,0.7318746447563171,0.4384010434150696,0.48483017086982727,0.7425740361213684,0.7405102849006653,0.7162225246429443,2.4525413513183594,1.9318594932556152,131.03688049316406,0.7532896995544434,0.11483343690633774,36552.6171875,0.000726336264051497,0.0,0.0,0.0,0.0,0.0,0.0,326,0,0.0,0,0,,0.08512493409216404,1.8754306100308895,5.098414897918701
22,0.0026592612266540527,0.0026592612266540527,-0.0026592612266540527,vae_image_latent,add black sunglasses,6,joe_biden_01,joe_biden,1234,0.03,True,False,23.96323912261105,0.9622915983200073,0.004014912527054548,0.06336333602666855,1.2854657173156738,3.5105409622192383,2.932955503463745,0.839303195476532,0.0,0.018573733046650887,0.20318588614463806,0.6642939448356628,0.48385608196258545,0.21307092905044556,0.7375447750091553,0.4422614276409149,0.5032448768615723,0.7686985731124878,0.766388475894928,0.7208601236343384,2.465259313583374,1.9393316507339478,132.73468017578125,0.7561951875686646,0.11642871797084808,37060.41015625,0.0007172340992838144,0.00010335085971746594,7.743296737316996e-05,4.976387572241947e-05,0.0002711044508032501,0.0006731062312610447,0.0007387308913097171,326,0,0.0,0,0,,0.08499674312770367,1.9609407633543015,5.098414897918701
23,0.0025790929794311523,0.0025790929794311523,-0.0025790929794311523,vae_image_latent,add black sunglasses,6,joe_biden_01,joe_biden,1234,0.03,True,False,23.861067513710545,0.9614263772964478,0.004110486712306738,0.0641130805015564,1.30890953540802,3.537316083908081,2.948308229446411,0.8365779519081116,0.0,0.018750973045825958,0.20546860992908478,0.6473973393440247,0.4875790774822235,0.2135554850101471,0.7427070736885071,0.4460148513317108,0.51374751329422,0.783608615398407,0.781349778175354,0.727649450302124,2.4742894172668457,1.9438613653182983,134.19276428222656,0.7619660496711731,0.11776529252529144,37485.85546875,0.0007205095025710762,0.00011094826913904399,8.60796935739927e-05,8.566991164116189e-05,0.0003644918033387512,0.0002392084279563278,0.0004659758711970173,326,0,0.0,0,0,,0.08493426069617271,2.0463983472436666,5.098414897918701
24,0.002632737159729004,0.002632737159729004,-0.002632737159729004,vae_image_latent,add black sunglasses,6,joe_biden_01,joe_biden,1234,0.03,True,False,23.749014328763906,0.9604005813598633,0.00421792222186923,0.0649455338716507,1.3235342502593994,3.5973267555236816,2.982799768447876,0.8384841084480286,0.0,0.018939368426799774,0.2090839147567749,0.6330345273017883,0.4976106882095337,0.2174123227596283,0.7607583403587341,0.4582829475402832,0.5148479342460632,0.7846584320068359,0.7825155854225159,0.732942521572113,2.49408221244812,1.9635382890701294,135.71963500976562,0.7674542665481567,0.11875896155834198,37802.15234375,0.0007386188372038305,0.00011104479926871136,7.942690717754886e-05,1.5228405572997872e-05,0.00031570426654070616,0.0003122061025351286,0.00046477233107930976,326,0,0.0,0,0,,0.0844146516174078,2.1312507279217243,5.098414897918701
25,0.002786695957183838,0.002786695957183838,-0.002786695957183838,vae_image_latent,add black sunglasses,6,joe_biden_01,joe_biden,1234,0.03,True,False,23.629612458571643,0.9592759609222412,0.004335495643317699,0.06584448367357254,1.3402659893035889,3.652254343032837,3.013347864151001,0.8407537341117859,0.0,0.01917244866490364,0.21390286087989807,0.6220775246620178,0.5076654553413391,0.22252315282821655,0.7770259976387024,0.4732142686843872,0.5156349539756775,0.7850102186203003,0.7828972339630127,0.7371863126754761,2.509885787963867,1.9790444374084473,137.41053771972656,0.7715610861778259,0.11991866677999496,38171.296875,0.000758727896027267,6.570667121508222e-09,5.040052375449022e-09,6.553957376809194e-09,1.4748946064457868e-08,5.910299591960211e-07,5.913082734318272e-07,326,0,0.0,0,0,,0.08514980226755142,2.2170106787234545,5.098414897918701
26,0.0029278993606567383,0.0029278993606567383,-0.0029278993606567383,vae_image_latent,add black sunglasses,6,joe_biden_01,joe_biden,1234,0.03,True,False,23.513812170612383,0.958153247833252,0.004452652297914028,0.06672819703817368,1.3591712713241577,3.7034807205200195,3.0419273376464844,0.8428244590759277,0.0,0.01944379135966301,0.21924157440662384,0.6373849511146545,0.517545223236084,0.2276282012462616,0.7919137477874756,0.48774275183677673,0.5163512229919434,0.7853422164916992,0.7830950021743774,0.7449791431427002,2.5245440006256104,1.9934710264205933,139.17410278320312,0.7752888202667236,0.12121593952178955,38584.23046875,0.0007841151091270149,1.9135175534756854e-05,1.5102208635653369e-05,1.449067895009648e-05,5.3302268497645855e-05,3.0142324249027297e-05,6.748261230112656e-05,326,0,0.0,0,0,,0.08503105863928795,2.3025628961622715,5.098414897918701
27,0.003033936023712158,0.003033936023712158,-0.003033936023712158,vae_image_latent,add black sunglasses,6,joe_biden_01,joe_biden,1234,0.03,True,False,23.39284461997004,0.956948459148407,0.004578419029712677,0.0676640123128891,1.384657859802246,3.7574684619903564,3.076112747192383,0.8446109890937805,0.0,0.01976143941283226,0.22553572058677673,0.6514787673950195,0.5266135931015015,0.23334628343582153,0.8055341839790344,0.502019464969635,0.5184491872787476,0.7876926064491272,0.7853412628173828,0.7589300274848938,2.540006637573242,2.009077548980713,141.08152770996094,0.7796560525894165,0.12270776927471161,39059.09375,0.0008146075997501612,3.253935346947401e-06,2.5837582597887376e-06,1.7004408618959133e-06,7.502649168600328e-06,8.760294804233126e-06,1.2376910386526949e-05,326,0,0.0,0,0,,0.08500943891704082,2.3882737904787064,5.098414897918701
28,0.0031380653381347656,0.0031380653381347656,-0.0031380653381347656,vae_image_latent,add black sunglasses,6,joe_biden_01,joe_biden,1234,0.03,True,False,23.27832232582418,0.9557778835296631,0.004700756631791592,0.06856206059455872,1.410637378692627,3.80605411529541,3.1083507537841797,0.8461900353431702,0.0,0.020092427730560303,0.23165097832679749,0.6644665002822876,0.5353551506996155,0.23900052905082703,0.8180390000343323,0.5153756141662598,0.5205217003822327,0.7900686264038086,0.787863552570343,0.7750837802886963,2.554875135421753,2.023829936981201,143.0038604736328,0.7853012681007385,0.12427233159542084,39557.109375,0.0008469623862765729,0.0002617760328575969,0.00018926264601759613,3.211584044038318e-05,0.0007366813370026648,0.0002004182751988992,0.0008296055358332484,326,0,0.0,0,0,,0.08461729064583778,2.4735235515981913,5.098414897918701
29,0.003192901611328125,0.003192901611328125,-0.003192901611328125,vae_image_latent,add black sunglasses,6,joe_biden_01,joe_biden,1234,0.03,True,False,23.122831871271792,0.9541537165641785,0.004872106947004795,0.0698004812002182,1.4452705383300781,3.8392035961151123,3.1372365951538086,0.8444226384162903,0.0,0.0204785019159317,0.23802387714385986,0.6793596148490906,0.5447351932525635,0.24559029936790466,0.8359959125518799,0.5334898829460144,0.525406002998352,0.7966111898422241,0.7945609092712402,0.7969600558280945,2.56333589553833,2.034745693206787,145.83851623535156,0.8013182282447815,0.1265406310558319,40279.1328125,0.0008788070990704,6.122387276263908e-05,4.8404792323708534e-05,3.075059430557303e-05,0.0001534057955723256,0.000566072587389499,0.0005924597014777657,326,0,0.0,0,0,,0.08524556830525398,2.5593500155955553,5.098414897918701
30,0.0032788515090942383,0.0032788515090942383,-0.0032788515090942383,vae_image_latent,add black sunglasses,6,joe_biden_01,joe_biden,1234,0.03,True,False,22.957317260789925,0.9523128271102905,0.005061372183263302,0.07114332169294357,1.4750585556030273,3.860121011734009,3.1600301265716553,0.8417633771896362,0.0,0.020793072879314423,0.24333727359771729,0.6928145289421082,0.5531851053237915,0.2516437768936157,0.8522409796714783,0.5509129762649536,0.5272225737571716,0.7986249327659607,0.7964482307434082,0.8184487819671631,2.5685980319976807,2.0423104763031006,148.01177978515625,0.8184893131256104,0.12833097577095032,40849.01953125,0.0009392718784511089,1.4318520697997883e-05,1.1127151992695872e-05,1.4953700883779675e-05,5.572135341935791e-05,0.0003674523322843015,0.00037239566652235204,326,0,0.0,0,0,,0.08519630320370197,2.64523758366704,5.098414897918701
31,0.003336787223815918,0.003336787223815918,-0.003336787223815918,vae_image_latent,add black sunglasses,6,joe_biden_01,joe_biden,1234,0.03,True,False,22.811691183010865,0.9506556391716003,0.005233965814113617,0.07234615087509155,1.5011157989501953,3.873667001724243,3.1778037548065186,0.8392757773399353,0.0,0.021082423627376556,0.24843430519104004,0.7049272060394287,0.56095290184021,0.25792065262794495,0.8669150471687317,0.5674246549606323,0.5275035500526428,0.7984369993209839,0.796147346496582,0.8379238843917847,2.571093797683716,2.048227548599243,150.37538146972656,0.8351929187774658,0.13030850887298584,41478.484375,0.0009955421555787325,2.6179412088822573e-05,2.0421253793756478e-05,7.514587991863664e-07,6.332866178127006e-05,2.947084794868715e-05,7.734341727628414e-05,326,0,0.0,0,0,,0.08472494594752789,2.7306219153106213,5.098414897918701
32,0.003393888473510742,0.003393888473510742,-0.003393888473510742,vae_image_latent,add black sunglasses,6,joe_biden_01,joe_biden,1234,0.03,True,False,22.674408029491993,0.9490402936935425,0.005402057431638241,0.0734986886382103,1.5277056694030762,3.895934581756592,3.2009828090667725,0.8368132710456848,0.0,0.02139241248369217,0.2538403868675232,0.7197777032852173,0.5703702569007874,0.26432111859321594,0.8839831948280334,0.5840347409248352,0.527826189994812,0.7983654141426086,0.7960302829742432,0.8569183945655823,2.5775864124298096,2.056731700897217,152.8495635986328,0.8507221937179565,0.13242951035499573,42153.62109375,0.001050879480317235,2.046340159722604e-05,1.546358544146642e-05,5.21753054272267e-06,4.289595744921826e-05,0.0003742293338291347,0.00037758807365736834,326,0,0.0,0,0,,0.0847312230616808,2.8159859757870436,5.098414897918701
33,0.003409743309020996,0.003409743309020996,-0.003409743309020996,vae_image_latent,add black sunglasses,6,joe_biden_01,joe_biden,1234,0.03,True,False,22.56583236785137,0.9477099180221558,0.005538813769817352,0.07442320883274078,1.553239107131958,3.915228843688965,3.223402976989746,0.8341566324234009,0.0,0.021702555939555168,0.25903141498565674,0.7327115535736084,0.5791250467300415,0.2705058157444,0.8989617228507996,0.5998830199241638,0.5275656580924988,0.797521710395813,0.7952827215194702,0.8753509521484375,2.583800792694092,2.0638792514801025,155.40167236328125,0.8649049401283264,0.13464981317520142,42860.3671875,0.0010907156392931938,6.712735194014385e-05,5.308831168804318e-05,4.4390388211468235e-05,0.0001562838879181072,4.848313255934045e-05,0.00018992162738222756,326,0,0.0,0,0,,0.08515344001352787,2.9017011802643538,5.098414897918701
34,0.00347214937210083,0.00347214937210083,-0.00347214937210083,vae_image_latent,add black sunglasses,6,joe_biden_01,joe_biden,1234,0.03,True,False,22.42863257113561,0.9459969997406006,0.005716586019843817,0.07560810446739197,1.5877649784088135,3.9442620277404785,3.2590270042419434,0.8317331075668335,0.0,0.02208283171057701,0.2653660476207733,0.7434808611869812,0.5873662829399109,0.27765142917633057,0.9122543334960938,0.6186492443084717,0.5315287113189697,0.802918016910553,0.8007878065109253,0.8958929777145386,2.592083692550659,2.0786936283111572,157.38003540039062,0.8750160336494446,0.13629554212093353,43384.21484375,0.0011372002772986889,4.1095023334492e-05,3.295923670521006e-05,2.5846604330581613e-05,0.00011376465408829972,5.69900221307762e-05,0.00014011930032929438,326,0,0.0,0,0,,0.08883675560355186,2.9912468269467354,5.098414897918701
35,0.003517627716064453,0.003517627716064453,-0.003517627716064453,vae_image_latent,add black sunglasses,6,joe_biden_01,joe_biden,1234,0.03,True,False,22.31921417911195,0.9445831179618835,0.005862442310899496,0.07656658440828323,1.6126090288162231,3.921613931655884,3.2605361938476562,0.8295295238494873,0.0,0.02236277051270008,0.2701798379421234,0.746822714805603,0.5916855335235596,0.28308188915252686,0.9192253947257996,0.6333262920379639,0.5327274203300476,0.8042764067649841,0.8022369146347046,0.9118351936340332,2.5758886337280273,2.0738117694854736,159.2255859375,0.8836236596107483,0.13787609338760376,43887.3203125,0.0011903652921319008,4.590782191371545e-05,3.5509729059413075e-05,2.0001158191007562e-05,0.00013318756828084588,2.0518498786259443e-05,0.00014808258654116883,326,0,0.0,0,0,,0.08488347195088863,3.0768122915178537,5.098414897918701
36,0.0035671591758728027,0.0035671591758728027,-0.0035671591758728027,vae_image_latent,add black sunglasses,6,joe_biden_01,joe_biden,1234,0.03,True,False,22.241719788599305,0.9435388445854187,0.005967989098280668,0.07725276052951813,1.6321814060211182,3.85168719291687,3.2325966358184814,0.8275526165962219,0.0,0.02251969464123249,0.27327150106430054,0.7439478039741516,0.5931644439697266,0.28760403394699097,0.921177327632904,0.6458868384361267,0.5333054065704346,0.8044185042381287,0.8022670149803162,0.923243522644043,2.533021926879883,2.050863027572632,161.03521728515625,0.8915797472000122,0.13948971033096313,44400.953125,0.001237811055034399,2.5778203053050674e-05,1.934840838657692e-05,7.589592769363662e-06,9.342876001028344e-05,9.926901839207858e-05,0.00014028453153405339,326,0,0.0,0,0,,0.08486289717257023,3.1622532811015844,5.098414897918701
37,0.003579258918762207,0.003579258918762207,-0.003579258918762207,vae_image_latent,add black sunglasses,6,joe_biden_01,joe_biden,1234,0.03,True,False,22.178340024733046,0.9426760673522949,0.0060557229444384575,0.07781852781772614,1.649366855621338,3.7858293056488037,3.2136776447296143,0.8257644772529602,0.0,0.02269602194428444,0.27634596824645996,0.7422033548355103,0.5950416326522827,0.29142817854881287,0.9232100248336792,0.6572352647781372,0.5329947471618652,0.8034305572509766,0.8011807203292847,0.9341491460800171,2.4921088218688965,2.028632640838623,163.14605712890625,0.8938909769058228,0.14139167964458466,45006.3671875,0.0012772097252309322,2.572816447354853e-05,1.8034810636891052e-05,1.8627422832651064e-05,7.821515464456752e-05,8.321461791638285e-05,0.00011990186309776863,326,0,0.0,0,0,,0.08514012768864632,3.247901463881135,5.098414897918701
38,0.0036373138427734375,0.0036373138427734375,-0.0036373138427734375,vae_image_latent,add black sunglasses,6,joe_biden_01,joe_biden,1234,0.03,True,False,22.120676085779515,0.9418869018554688,0.006136664655059576,0.07833686470985413,1.6688036918640137,3.7478225231170654,3.223483085632324,0.825856626033783,0.0,0.022900830954313278,0.27963361144065857,0.7430074214935303,0.5981956720352173,0.2952736020088196,0.9261713027954102,0.6676725149154663,0.5345140695571899,0.8051776885986328,0.8028564453125,0.9453297853469849,2.4705421924591064,2.0185930728912354,164.8779754638672,0.8886086344718933,0.1429879069328308,45514.46484375,0.0013022215571254492,9.786123882804532e-06,7.173155609052628e-06,7.144218216126319e-06,2.6588306354824454e-05,1.5505922874581302e-06,3.01264768471329e-05,326,0,0.0,0,0,,0.08478620648384094,3.3334773909300566,5.098414897918701
39,0.0036574602127075195,0.0036574602127075195,-0.0036574602127075195,vae_image_latent,add black sunglasses,6,joe_biden_01,joe_biden,1234,0.03,True,False,22.06723707639622,0.9411453008651733,0.0062126414850354195,0.07882031053304672,1.6874685287475586,3.7149813175201416,3.23526668548584,0.8227829337120056,0.0,0.0231027789413929,0.28274768590927124,0.7435125708580017,0.6011444926261902,0.2989698350429535,0.92852383852005,0.6770920157432556,0.5365892648696899,0.8077858686447144,0.8055704832077026,0.9555733799934387,2.4510698318481445,2.010185718536377,166.4767608642578,0.8830451965332031,0.14448052644729614,45989.58203125,0.0013265805318951607,1.933809653564822e-05,1.4951811863284092e-05,2.4828498226270312e-06,3.6768349673366174e-05,0.0001449953851988539,0.00015158910404618718,326,0,0.0,0,0,,0.08689533360302448,3.4359500911086798,5.098414897918701
40,0.003658771514892578,0.003658771514892578,-0.003658771514892578,vae_image_latent,add black sunglasses,6,joe_biden_01,joe_biden,1234,0.03,True,False,22.0253070647159,0.9405483603477478,0.006272913422435522,0.07920172810554504,1.706338882446289,3.6877665519714355,3.2485640048980713,0.8197888731956482,0.0,0.023312781006097794,0.28598088026046753,0.7437820434570312,0.6037464737892151,0.302756667137146,0.9304481744766235,0.6868780255317688,0.5387136936187744,0.8105098009109497,0.808390736579895,0.9654700756072998,2.433702230453491,2.003427505493164,168.03836059570312,0.8787661194801331,0.14592766761779785,46450.21484375,0.0013354532420635223,7.349353836616501e-05,5.891429100302048e-05,9.872407099464908e-05,0.00020986869640182704,5.528843030333519e-05,0.000256359740042256,326,0,0.0,0,0,,0.08497226610779762,3.521524991840124,5.098414897918701
41,0.0036536455154418945,0.0036536455154418945,-0.0036536455154418945,vae_image_latent,add black sunglasses,6,joe_biden_01,joe_biden,1234,0.03,True,False,22.016882416329903,0.9404065012931824,0.006285093724727631,0.07927858084440231,1.7129855155944824,3.659088134765625,3.241661787033081,0.818329930305481,0.0,0.023437917232513428,0.2891054153442383,0.7439055442810059,0.606783926486969,0.30667197704315186,0.9322512149810791,0.6947170495986938,0.5309959650039673,0.7992021441459656,0.7970460057258606,0.9734711647033691,2.4156017303466797,1.995821475982666,169.60537719726562,0.8741418719291687,0.14741353690624237,46923.1875,0.0013399121817201376,3.4368807973805815e-05,2.689256871235557e-05,8.656085810798686e-06,0.00011819462815765291,4.401387195684947e-05,0.00013374058503316333,326,0,0.0,0,0,,0.08506632223725319,3.6072618775069714,5.098414897918701
42,0.0036699771881103516,0.0036699771881103516,-0.0036699771881103516,vae_image_latent,add black sunglasses,6,joe_biden_01,joe_biden,1234,0.03,True,False,22.01440583170815,0.9403512477874756,0.006288678850978613,0.07930119335651398,1.7200756072998047,3.628281831741333,3.2302942276000977,0.8165052533149719,0.0,0.023565780371427536,0.29245826601982117,0.7411404848098755,0.6081187129020691,0.31059497594833374,0.9307873249053955,0.7028611898422241,0.523236870765686,0.787816047668457,0.7856266498565674,0.9811307191848755,2.3974015712738037,1.9869071245193481,171.19261169433594,0.8688405156135559,0.14889758825302124,47395.5703125,0.0013466256204992533,3.0874216463416815e-05,2.476849294907879e-05,4.78040647067246e-07,0.00012306857388466597,8.918639650801197e-05,0.00015705735006088875,326,0,0.0,0,0,,0.08452922850847244,3.6923301108181477,5.098414897918701
43,0.0036396384239196777,0.0036396384239196777,-0.0036396384239196777,vae_image_latent,add black sunglasses,6,joe_biden_01,joe_biden,1234,0.03,True,False,22.019369106741383,0.9404124021530151,0.006281496025621891,0.07925588637590408,1.7306389808654785,3.5985043048858643,3.2197043895721436,0.8126311898231506,0.0,0.023732656612992287,0.2963472902774811,0.7384109497070312,0.609192967414856,0.31522560119628906,0.9293046593666077,0.71243816614151,0.5161951780319214,0.7774718403816223,0.7752547264099121,0.9896209836006165,2.3800048828125,1.9775559902191162,172.65354919433594,0.8631286025047302,0.15025155246257782,47826.5546875,0.0013432088308036327,8.503608114551753e-06,6.863062026241096e-06,2.841957211785484e-06,2.6400903152534738e-05,1.3975925867271144e-05,3.1934681511680995e-05,326,0,0.0,0,0,,0.08464586548507214,3.7776345144957304,5.098414897918701
44,0.003609299659729004,0.003609299659729004,-0.003609299659729004,vae_image_latent,add black sunglasses,6,joe_biden_01,joe_biden,1234,0.03,True,False,22.02303801321191,0.940453052520752,0.0062761916778981686,0.0792224183678627,1.7389888763427734,3.5728161334991455,3.2100279331207275,0.8107999563217163,0.0,0.023877637460827827,0.29962968826293945,0.7360257506370544,0.6101500988006592,0.3190743029117584,0.927899181842804,0.7203717231750488,0.5095446705818176,0.7676956653594971,0.7654708623886108,0.9967868328094482,2.3644988536834717,1.968729853630066,174.0563201904297,0.8591581583023071,0.15154217183589935,48237.3671875,0.001344202784821391,0.0012713286560028791,0.0009758201194927096,8.368569979211316e-05,0.003437940962612629,0.0004327943897806108,0.003818671732391509,326,0,0.0,0,0,,0.08487424440681934,3.863089995458722,5.098414897918701
45,0.003650486469268799,0.003650486469268799,-0.003650486469268799,vae_image_latent,add black sunglasses,6,joe_biden_01,joe_biden,1234,0.03,True,False,22.082460971800355,0.9412567615509033,0.00619090162217617,0.07868228107690811,1.727143406867981,3.503596067428589,3.1644797325134277,0.812105655670166,0.0,0.023855768144130707,0.300970196723938,0.7148722410202026,0.5984234809875488,0.3197152614593506,0.9038584232330322,0.7115951776504517,0.5103896856307983,0.7692177295684814,0.7670368552207947,0.9821282029151917,2.3279407024383545,1.9172033071517944,176.05908203125,0.859419047832489,0.1533084213733673,48799.5859375,0.0013452647253870964,8.382959640584886e-05,6.098296944401227e-05,0.00010559901420492679,0.0002125907049048692,9.639724157750607e-05,0.00027637784207951697,326,0,0.0,0,0,,0.08472350798547268,3.948283899575472,5.098414897918701
46,0.003643333911895752,0.003643333911895752,-0.003643333911895752,vae_image_latent,add black sunglasses,6,joe_biden_01,joe_biden,1234,0.03,True,False,22.176977700464366,0.9424984455108643,0.006057622842490673,0.0778307318687439,1.7043039798736572,3.520064353942871,3.0888748168945312,0.8128315210342407,0.0,0.02374247834086418,0.3026167154312134,0.7160444259643555,0.5890272259712219,0.32020992040634155,0.8996905088424683,0.703376829624176,0.5025068521499634,0.757969856262207,0.755944013595581,0.9651961326599121,2.27152943611145,1.8579939603805542,178.01046752929688,0.8776372075080872,0.15511539578437805,49374.76171875,0.0013511525467038155,0.00017371709691360593,0.00014685631322208792,1.7743208445608616e-05,0.0006418529665097594,0.00016077452164608985,0.0006999163559791462,326,0,0.0,0,0,,0.0849001519382,4.033735791221261,5.098414897918701
47,0.0037253499031066895,0.0037253499031066895,-0.0037253499031066895,vae_image_latent,add black sunglasses,6,joe_biden_01,joe_biden,1234,0.03,True,False,22.26494079275711,0.9436550140380859,0.0059361644089221954,0.07704650610685349,1.681396484375,3.5361926555633545,3.0225677490234375,0.8173022270202637,0.0,0.023529307916760445,0.3037538528442383,0.7171269059181213,0.5824959874153137,0.32062405347824097,0.9195932745933533,0.6966449618339539,0.49397754669189453,0.7457301020622253,0.7438483834266663,0.9483396410942078,2.2221176624298096,1.8046332597732544,179.71536254882812,0.8955830931663513,0.15678562223911285,49906.4140625,0.0013569926377385855,8.385744877159595e-05,7.234567601699382e-05,4.7714245738461614e-05,0.00022157959756441414,0.0003538464952725917,0.00043456585009953437,326,0,0.0,0,0,,0.0848825890570879,4.119215406477451,5.098414897918701
48,0.0038911104202270508,0.0038911104202270508,-0.0038911104202270508,vae_image_latent,add black sunglasses,6,joe_biden_01,joe_biden,1234,0.03,True,False,22.328451482285917,0.9444783926010132,0.005849986337125301,0.07648520171642303,1.6687238216400146,3.588836193084717,2.9745843410491943,0.819826066493988,0.0,0.02342648059129715,0.3059026598930359,0.7170856595039368,0.579371452331543,0.32176706194877625,0.9377924203872681,0.6921536326408386,0.49076277017593384,0.7408981323242188,0.7390241622924805,0.9355907440185547,2.1739115715026855,1.7892063856124878,181.51937866210938,0.9161895513534546,0.1585749387741089,50475.96875,0.0013584287371486425,0.00018140061001759022,0.00015589763643220067,6.378241960192099e-05,0.0003779434773605317,0.00020206000772304833,0.0004949221860157262,326,0,0.0,0,0,,0.08490227535367012,4.2047598492354155,5.098414897918701
49,0.004014909267425537,0.004014909267425537,-0.004014909267425537,vae_image_latent,add black sunglasses,6,joe_biden_01,joe_biden,1234,0.03,True,False,22.40068978146155,0.9453834891319275,0.005753485485911369,0.07585173100233078,1.6518443822860718,3.6163666248321533,2.9251203536987305,0.8214486241340637,0.0,0.02329264208674431,0.30806753039360046,0.7149752974510193,0.5785189270973206,0.3230142295360565,0.9544911980628967,0.689463198184967,0.4831092953681946,0.72951340675354,0.7276328206062317,0.9234176874160767,2.1215898990631104,1.7700862884521484,183.17453002929688,0.9429302215576172,0.1602003574371338,50993.35546875,0.0013612844049930573,4.476185858948156e-05,3.477308200672269e-05,1.7648650100454688e-05,0.00015322677791118622,0.00040941336192190647,0.0004411598490980806,326,0,0.0,0,0,,0.08509484678506851,4.290405986830592,5.098414897918701
50,0.00409775972366333,0.00409775972366333,-0.00409775972366333,vae_image_latent,add black sunglasses,6,joe_biden_01,joe_biden,1234,0.03,True,False,22.4660995473145,0.9462329745292664,0.005667480640113354,0.07528267055749893,1.637250542640686,3.640479564666748,2.8825490474700928,0.8220780491828918,0.0,0.023160524666309357,0.30955347418785095,0.7132642865180969,0.57801753282547,0.3239929676055908,0.9700741767883301,0.6873118281364441,0.4777858257293701,0.7214146852493286,0.7195674777030945,0.9124929904937744,2.0769195556640625,1.7537333965301514,185.78750610351562,0.9676252007484436,0.16261860728263855,51763.109375,0.0013566471170634031,2.2969770725467242e-05,1.810882895370014e-05,1.1996973626082763e-05,7.564122643088922e-05,9.800814586924389e-05,0.00012777581626479976,326,0,0.0,0,0,,0.08477783203125,4.37610549852252,5.098414897918701
